"Name","ID","Sweep","Runtime","dy_config.base_model.checkpoint_dir","dy_config.base_model.config_dir","dy_config.data.in_distribution.dataloader_args.dataset","dy_config.data.in_distribution.dataloader_args.dgm_args.length","dy_config.data.in_distribution.dataloader_args.dgm_args.model_loading_config.checkpoint_dir","dy_config.data.in_distribution.dataloader_args.dgm_args.model_loading_config.config_dir","dy_config.data.in_distribution.dataloader_args.dgm_args.seed","dy_config.data.in_distribution.dataloader_args.make_valid_loader","dy_config.data.in_distribution.dataloader_args.test_batch_size","dy_config.data.in_distribution.dataloader_args.train_batch_size","dy_config.data.in_distribution.dataloader_args.valid_batch_size","dy_config.data.in_distribution.pick_loader","dy_config.data.out_of_distribution.dataloader_args.dataset","dy_config.data.out_of_distribution.dataloader_args.dgm_args.length","dy_config.data.out_of_distribution.dataloader_args.dgm_args.model_loading_config.checkpoint_dir","dy_config.data.out_of_distribution.dataloader_args.dgm_args.model_loading_config.config_dir","dy_config.data.out_of_distribution.dataloader_args.dgm_args.seed","dy_config.data.out_of_distribution.dataloader_args.make_valid_loader","dy_config.data.out_of_distribution.dataloader_args.test_batch_size","dy_config.data.out_of_distribution.dataloader_args.train_batch_size","dy_config.data.out_of_distribution.dataloader_args.valid_batch_size","dy_config.data.out_of_distribution.pick_loader","dy_config.ood.bypass_visualization","dy_config.ood.histogram_limit","dy_config.ood.method","dy_config.ood.method_args.adaptive_measurement","dy_config.ood.method_args.adaptive_train_data_buffer_size","dy_config.ood.method_args.chunk_size","dy_config.ood.method_args.compression_type","dy_config.ood.method_args.correction_coeff","dy_config.ood.method_args.dimension_tolerance","dy_config.ood.method_args.encoding_model_args.chunk_size","dy_config.ood.method_args.encoding_model_args.diff_transform","dy_config.ood.method_args.encoding_model_args.use_forward_mode","dy_config.ood.method_args.encoding_model_args.use_functorch","dy_config.ood.method_args.encoding_model_args.use_vmap","dy_config.ood.method_args.encoding_model_args.verbose","dy_config.ood.method_args.encoding_model_class","dy_config.ood.method_args.evaluate_r","dy_config.ood.method_args.intrinsic_dimension_calculator_args.encoding_model_args.chunk_size","dy_config.ood.method_args.intrinsic_dimension_calculator_args.encoding_model_args.diff_transform","dy_config.ood.method_args.intrinsic_dimension_calculator_args.encoding_model_args.use_forward_mode","dy_config.ood.method_args.intrinsic_dimension_calculator_args.encoding_model_args.use_functorch","dy_config.ood.method_args.intrinsic_dimension_calculator_args.encoding_model_args.use_vmap","dy_config.ood.method_args.intrinsic_dimension_calculator_args.encoding_model_args.verbose","dy_config.ood.method_args.intrinsic_dimension_calculator_args.encoding_model_class","dy_config.ood.method_args.intrinsic_dimension_calculator_args.verbose","dy_config.ood.method_args.latent_statistics_calculator_args.encoding_model_args.chunk_size","dy_config.ood.method_args.latent_statistics_calculator_args.encoding_model_args.diff_transform","dy_config.ood.method_args.latent_statistics_calculator_args.encoding_model_args.use_forward_mode","dy_config.ood.method_args.latent_statistics_calculator_args.encoding_model_args.use_functorch","dy_config.ood.method_args.latent_statistics_calculator_args.encoding_model_args.use_vmap","dy_config.ood.method_args.latent_statistics_calculator_args.encoding_model_args.verbose","dy_config.ood.method_args.latent_statistics_calculator_args.encoding_model_class","dy_config.ood.method_args.latent_statistics_calculator_args.verbose","dy_config.ood.method_args.latent_statistics_calculator_class","dy_config.ood.method_args.lp_norm_order","dy_config.ood.method_args.percentile","dy_config.ood.method_args.radii_n","dy_config.ood.method_args.radii_range","dy_config.ood.method_args.use_forward_mode","dy_config.ood.method_args.use_functorch","dy_config.ood.method_args.use_vmap","dy_config.ood.method_args.verbose","dy_config.ood.method_args.visualization_nrow","dy_config.ood.method_args.with_std","dy_config.ood.pick_count","dy_config.ood.samples_visualization","dy_config.ood.seed"
"fashion-mnist_vs_fashion-mnist_test_previousness","yt7th9q7","pph375ni","26954","checkpoints-443rgkyn/PiecewiseRationalQuadraticCouplingTransform_fashion-mnist_barroom_sax6meoj_final/checkpoints/de_nf_best_valid.pt","checkpoints-443rgkyn/PiecewiseRationalQuadraticCouplingTransform_fashion-mnist_barroom_sax6meoj_final/run_config.json","fashion-mnist","","","","","false","8","8","8","train","fashion-mnist","","","","","false","8","8","8","test","true","","ood.baselines.CompelxityBased","","","","ensemble","0.2","","","","","","","","","","","","","","","","","","","","","","","","","","","","","","","","","","2","","","128","","100"
"fashion-mnist_vs_omniglot_test_celaeno","0smfub8i","pph375ni","27142","checkpoints-443rgkyn/PiecewiseRationalQuadraticCouplingTransform_fashion-mnist_barroom_sax6meoj_final/checkpoints/de_nf_best_valid.pt","checkpoints-443rgkyn/PiecewiseRationalQuadraticCouplingTransform_fashion-mnist_barroom_sax6meoj_final/run_config.json","fashion-mnist","","","","","false","8","8","8","train","omniglot","","","","","false","8","8","8","test","true","","ood.baselines.CompelxityBased","","","","ensemble","0.2","","","","","","","","","","","","","","","","","","","","","","","","","","","","","","","","","","2","","","128","","100"
"fashion-mnist_vs_mnist_test_sociologistically","v8drvw53","pph375ni","26626","checkpoints-443rgkyn/PiecewiseRationalQuadraticCouplingTransform_fashion-mnist_barroom_sax6meoj_final/checkpoints/de_nf_best_valid.pt","checkpoints-443rgkyn/PiecewiseRationalQuadraticCouplingTransform_fashion-mnist_barroom_sax6meoj_final/run_config.json","fashion-mnist","","","","","false","8","8","8","train","mnist","","","","","false","8","8","8","test","true","","ood.baselines.CompelxityBased","","","","ensemble","0.2","","","","","","","","","","","","","","","","","","","","","","","","","","","","","","","","","","2","","","128","","100"
"mnist_vs_omniglot_test_rhodamine","2wl50gok","pph375ni","26813","checkpoints-443rgkyn/PiecewiseRationalQuadraticCouplingTransform_mnist_agenizing_xhkxy2eu_final/checkpoints/de_nf_best_valid.pt","checkpoints-443rgkyn/PiecewiseRationalQuadraticCouplingTransform_mnist_agenizing_xhkxy2eu_final/run_config.json","mnist","","","","","false","8","8","8","train","omniglot","","","","","false","8","8","8","test","true","","ood.baselines.CompelxityBased","","","","ensemble","0.2","","","","","","","","","","","","","","","","","","","","","","","","","","","","","","","","","","2","","","128","","100"
"mnist_vs_fashion-mnist_test_humiliation","ps13nodj","pph375ni","26479","checkpoints-443rgkyn/PiecewiseRationalQuadraticCouplingTransform_mnist_agenizing_xhkxy2eu_final/checkpoints/de_nf_best_valid.pt","checkpoints-443rgkyn/PiecewiseRationalQuadraticCouplingTransform_mnist_agenizing_xhkxy2eu_final/run_config.json","mnist","","","","","false","8","8","8","train","fashion-mnist","","","","","false","8","8","8","test","true","","ood.baselines.CompelxityBased","","","","ensemble","0.2","","","","","","","","","","","","","","","","","","","","","","","","","","","","","","","","","","2","","","128","","100"
"mnist_vs_mnist_test_hamburgers","wy92ofq8","pph375ni","26295","checkpoints-443rgkyn/PiecewiseRationalQuadraticCouplingTransform_mnist_agenizing_xhkxy2eu_final/checkpoints/de_nf_best_valid.pt","checkpoints-443rgkyn/PiecewiseRationalQuadraticCouplingTransform_mnist_agenizing_xhkxy2eu_final/run_config.json","mnist","","","","","false","8","8","8","train","mnist","","","","","false","8","8","8","test","true","","ood.baselines.CompelxityBased","","","","ensemble","0.2","","","","","","","","","","","","","","","","","","","","","","","","","","","","","","","","","","2","","","128","","100"
"fashion-mnist_vs_omniglot_test_thoracolumbar","o09qdx0c","pph375ni","26137","checkpoints-443rgkyn/PiecewiseRationalQuadraticCouplingTransform_fashion-mnist_barroom_sax6meoj_final/checkpoints/de_nf_best_valid.pt","checkpoints-443rgkyn/PiecewiseRationalQuadraticCouplingTransform_fashion-mnist_barroom_sax6meoj_final/run_config.json","fashion-mnist","","","","","false","8","8","8","train","omniglot","","","","","false","8","8","8","test","true","","ood.baselines.CompelxityBased","","","","ensemble","0.4","","","","","","","","","","","","","","","","","","","","","","","","","","","","","","","","","","2","","","128","","100"
"fashion-mnist_vs_fashion-mnist_test_bannerets","idlq1zgx","pph375ni","25947","checkpoints-443rgkyn/PiecewiseRationalQuadraticCouplingTransform_fashion-mnist_barroom_sax6meoj_final/checkpoints/de_nf_best_valid.pt","checkpoints-443rgkyn/PiecewiseRationalQuadraticCouplingTransform_fashion-mnist_barroom_sax6meoj_final/run_config.json","fashion-mnist","","","","","false","8","8","8","train","fashion-mnist","","","","","false","8","8","8","test","true","","ood.baselines.CompelxityBased","","","","ensemble","0.4","","","","","","","","","","","","","","","","","","","","","","","","","","","","","","","","","","2","","","128","","100"
"fashion-mnist_vs_mnist_test_readership","uw5i6di6","pph375ni","25790","checkpoints-443rgkyn/PiecewiseRationalQuadraticCouplingTransform_fashion-mnist_barroom_sax6meoj_final/checkpoints/de_nf_best_valid.pt","checkpoints-443rgkyn/PiecewiseRationalQuadraticCouplingTransform_fashion-mnist_barroom_sax6meoj_final/run_config.json","fashion-mnist","","","","","false","8","8","8","train","mnist","","","","","false","8","8","8","test","true","","ood.baselines.CompelxityBased","","","","ensemble","0.4","","","","","","","","","","","","","","","","","","","","","","","","","","","","","","","","","","2","","","128","","100"
"mnist_vs_omniglot_test_noncontemptuously","c7hvajxo","pph375ni","25609","checkpoints-443rgkyn/PiecewiseRationalQuadraticCouplingTransform_mnist_agenizing_xhkxy2eu_final/checkpoints/de_nf_best_valid.pt","checkpoints-443rgkyn/PiecewiseRationalQuadraticCouplingTransform_mnist_agenizing_xhkxy2eu_final/run_config.json","mnist","","","","","false","8","8","8","train","omniglot","","","","","false","8","8","8","test","true","","ood.baselines.CompelxityBased","","","","ensemble","0.4","","","","","","","","","","","","","","","","","","","","","","","","","","","","","","","","","","2","","","128","","100"
"mnist_vs_fashion-mnist_test_resorting","t75p2i43","pph375ni","25262","checkpoints-443rgkyn/PiecewiseRationalQuadraticCouplingTransform_mnist_agenizing_xhkxy2eu_final/checkpoints/de_nf_best_valid.pt","checkpoints-443rgkyn/PiecewiseRationalQuadraticCouplingTransform_mnist_agenizing_xhkxy2eu_final/run_config.json","mnist","","","","","false","8","8","8","train","fashion-mnist","","","","","false","8","8","8","test","true","","ood.baselines.CompelxityBased","","","","ensemble","0.4","","","","","","","","","","","","","","","","","","","","","","","","","","","","","","","","","","2","","","128","","100"
"mnist_vs_mnist_test_blushet","lmofck8b","pph375ni","25463","checkpoints-443rgkyn/PiecewiseRationalQuadraticCouplingTransform_mnist_agenizing_xhkxy2eu_final/checkpoints/de_nf_best_valid.pt","checkpoints-443rgkyn/PiecewiseRationalQuadraticCouplingTransform_mnist_agenizing_xhkxy2eu_final/run_config.json","mnist","","","","","false","8","8","8","train","mnist","","","","","false","8","8","8","test","true","","ood.baselines.CompelxityBased","","","","ensemble","0.4","","","","","","","","","","","","","","","","","","","","","","","","","","","","","","","","","","2","","","128","","100"
"fashion-mnist_vs_omniglot_test_devicefully","ryb1jfrd","pph375ni","24931","checkpoints-443rgkyn/PiecewiseRationalQuadraticCouplingTransform_fashion-mnist_barroom_sax6meoj_final/checkpoints/de_nf_best_valid.pt","checkpoints-443rgkyn/PiecewiseRationalQuadraticCouplingTransform_fashion-mnist_barroom_sax6meoj_final/run_config.json","fashion-mnist","","","","","false","8","8","8","train","omniglot","","","","","false","8","8","8","test","true","","ood.baselines.CompelxityBased","","","","ensemble","0.6","","","","","","","","","","","","","","","","","","","","","","","","","","","","","","","","","","2","","","128","","100"
"fashion-mnist_vs_fashion-mnist_test_vehement","dfkpea1u","pph375ni","25127","checkpoints-443rgkyn/PiecewiseRationalQuadraticCouplingTransform_fashion-mnist_barroom_sax6meoj_final/checkpoints/de_nf_best_valid.pt","checkpoints-443rgkyn/PiecewiseRationalQuadraticCouplingTransform_fashion-mnist_barroom_sax6meoj_final/run_config.json","fashion-mnist","","","","","false","8","8","8","train","fashion-mnist","","","","","false","8","8","8","test","true","","ood.baselines.CompelxityBased","","","","ensemble","0.6","","","","","","","","","","","","","","","","","","","","","","","","","","","","","","","","","","2","","","128","","100"
"fashion-mnist_vs_mnist_test_neophilological","kzmv8dlw","pph375ni","24785","checkpoints-443rgkyn/PiecewiseRationalQuadraticCouplingTransform_fashion-mnist_barroom_sax6meoj_final/checkpoints/de_nf_best_valid.pt","checkpoints-443rgkyn/PiecewiseRationalQuadraticCouplingTransform_fashion-mnist_barroom_sax6meoj_final/run_config.json","fashion-mnist","","","","","false","8","8","8","train","mnist","","","","","false","8","8","8","test","true","","ood.baselines.CompelxityBased","","","","ensemble","0.6","","","","","","","","","","","","","","","","","","","","","","","","","","","","","","","","","","2","","","128","","100"
"mnist_vs_omniglot_test_nuttier","5fti3vt6","pph375ni","24609","checkpoints-443rgkyn/PiecewiseRationalQuadraticCouplingTransform_mnist_agenizing_xhkxy2eu_final/checkpoints/de_nf_best_valid.pt","checkpoints-443rgkyn/PiecewiseRationalQuadraticCouplingTransform_mnist_agenizing_xhkxy2eu_final/run_config.json","mnist","","","","","false","8","8","8","train","omniglot","","","","","false","8","8","8","test","true","","ood.baselines.CompelxityBased","","","","ensemble","0.6","","","","","","","","","","","","","","","","","","","","","","","","","","","","","","","","","","2","","","128","","100"
"mnist_vs_fashion-mnist_test_uncomplained","9qf9iz36","pph375ni","24265","checkpoints-443rgkyn/PiecewiseRationalQuadraticCouplingTransform_mnist_agenizing_xhkxy2eu_final/checkpoints/de_nf_best_valid.pt","checkpoints-443rgkyn/PiecewiseRationalQuadraticCouplingTransform_mnist_agenizing_xhkxy2eu_final/run_config.json","mnist","","","","","false","8","8","8","train","fashion-mnist","","","","","false","8","8","8","test","true","","ood.baselines.CompelxityBased","","","","ensemble","0.6","","","","","","","","","","","","","","","","","","","","","","","","","","","","","","","","","","2","","","128","","100"
"mnist_vs_mnist_test_shoebird","e6f0ts4z","pph375ni","24462","checkpoints-443rgkyn/PiecewiseRationalQuadraticCouplingTransform_mnist_agenizing_xhkxy2eu_final/checkpoints/de_nf_best_valid.pt","checkpoints-443rgkyn/PiecewiseRationalQuadraticCouplingTransform_mnist_agenizing_xhkxy2eu_final/run_config.json","mnist","","","","","false","8","8","8","train","mnist","","","","","false","8","8","8","test","true","","ood.baselines.CompelxityBased","","","","ensemble","0.6","","","","","","","","","","","","","","","","","","","","","","","","","","","","","","","","","","2","","","128","","100"
"fashion-mnist_vs_omniglot_test_bewrayed","sdmx0q55","pph375ni","23933","checkpoints-443rgkyn/PiecewiseRationalQuadraticCouplingTransform_fashion-mnist_barroom_sax6meoj_final/checkpoints/de_nf_best_valid.pt","checkpoints-443rgkyn/PiecewiseRationalQuadraticCouplingTransform_fashion-mnist_barroom_sax6meoj_final/run_config.json","fashion-mnist","","","","","false","8","8","8","train","omniglot","","","","","false","8","8","8","test","true","","ood.baselines.CompelxityBased","","","","ensemble","0.8","","","","","","","","","","","","","","","","","","","","","","","","","","","","","","","","","","2","","","128","","100"
"fashion-mnist_vs_fashion-mnist_test_intertubular","mo7d8vna","pph375ni","24123","checkpoints-443rgkyn/PiecewiseRationalQuadraticCouplingTransform_fashion-mnist_barroom_sax6meoj_final/checkpoints/de_nf_best_valid.pt","checkpoints-443rgkyn/PiecewiseRationalQuadraticCouplingTransform_fashion-mnist_barroom_sax6meoj_final/run_config.json","fashion-mnist","","","","","false","8","8","8","train","fashion-mnist","","","","","false","8","8","8","test","true","","ood.baselines.CompelxityBased","","","","ensemble","0.8","","","","","","","","","","","","","","","","","","","","","","","","","","","","","","","","","","2","","","128","","100"
"fashion-mnist_vs_mnist_test_biokinetics","4bwheq86","pph375ni","23593","checkpoints-443rgkyn/PiecewiseRationalQuadraticCouplingTransform_fashion-mnist_barroom_sax6meoj_final/checkpoints/de_nf_best_valid.pt","checkpoints-443rgkyn/PiecewiseRationalQuadraticCouplingTransform_fashion-mnist_barroom_sax6meoj_final/run_config.json","fashion-mnist","","","","","false","8","8","8","train","mnist","","","","","false","8","8","8","test","true","","ood.baselines.CompelxityBased","","","","ensemble","0.8","","","","","","","","","","","","","","","","","","","","","","","","","","","","","","","","","","2","","","128","","100"
"mnist_vs_omniglot_test_antitobacconal","frdpudqh","pph375ni","23791","checkpoints-443rgkyn/PiecewiseRationalQuadraticCouplingTransform_mnist_agenizing_xhkxy2eu_final/checkpoints/de_nf_best_valid.pt","checkpoints-443rgkyn/PiecewiseRationalQuadraticCouplingTransform_mnist_agenizing_xhkxy2eu_final/run_config.json","mnist","","","","","false","8","8","8","train","omniglot","","","","","false","8","8","8","test","true","","ood.baselines.CompelxityBased","","","","ensemble","0.8","","","","","","","","","","","","","","","","","","","","","","","","","","","","","","","","","","2","","","128","","100"
"mnist_vs_fashion-mnist_test_anthocarpous","0iw85ytd","pph375ni","23445","checkpoints-443rgkyn/PiecewiseRationalQuadraticCouplingTransform_mnist_agenizing_xhkxy2eu_final/checkpoints/de_nf_best_valid.pt","checkpoints-443rgkyn/PiecewiseRationalQuadraticCouplingTransform_mnist_agenizing_xhkxy2eu_final/run_config.json","mnist","","","","","false","8","8","8","train","fashion-mnist","","","","","false","8","8","8","test","true","","ood.baselines.CompelxityBased","","","","ensemble","0.8","","","","","","","","","","","","","","","","","","","","","","","","","","","","","","","","","","2","","","128","","100"
"mnist_vs_mnist_test_diddest","wfw7cvn0","pph375ni","23265","checkpoints-443rgkyn/PiecewiseRationalQuadraticCouplingTransform_mnist_agenizing_xhkxy2eu_final/checkpoints/de_nf_best_valid.pt","checkpoints-443rgkyn/PiecewiseRationalQuadraticCouplingTransform_mnist_agenizing_xhkxy2eu_final/run_config.json","mnist","","","","","false","8","8","8","train","mnist","","","","","false","8","8","8","test","true","","ood.baselines.CompelxityBased","","","","ensemble","0.8","","","","","","","","","","","","","","","","","","","","","","","","","","","","","","","","","","2","","","128","","100"
"fashion-mnist_vs_omniglot_test_endowments","ab62scqa","pph375ni","22933","checkpoints-443rgkyn/PiecewiseRationalQuadraticCouplingTransform_fashion-mnist_barroom_sax6meoj_final/checkpoints/de_nf_best_valid.pt","checkpoints-443rgkyn/PiecewiseRationalQuadraticCouplingTransform_fashion-mnist_barroom_sax6meoj_final/run_config.json","fashion-mnist","","","","","false","8","8","8","train","omniglot","","","","","false","8","8","8","test","true","","ood.baselines.CompelxityBased","","","","ensemble","0.9","","","","","","","","","","","","","","","","","","","","","","","","","","","","","","","","","","2","","","128","","100"
"fashion-mnist_vs_fashion-mnist_test_presupposal","3g6clv3a","pph375ni","23121","checkpoints-443rgkyn/PiecewiseRationalQuadraticCouplingTransform_fashion-mnist_barroom_sax6meoj_final/checkpoints/de_nf_best_valid.pt","checkpoints-443rgkyn/PiecewiseRationalQuadraticCouplingTransform_fashion-mnist_barroom_sax6meoj_final/run_config.json","fashion-mnist","","","","","false","8","8","8","train","fashion-mnist","","","","","false","8","8","8","test","true","","ood.baselines.CompelxityBased","","","","ensemble","0.9","","","","","","","","","","","","","","","","","","","","","","","","","","","","","","","","","","2","","","128","","100"
"fashion-mnist_vs_mnist_test_summarizing","irwdh1p6","pph375ni","22597","checkpoints-443rgkyn/PiecewiseRationalQuadraticCouplingTransform_fashion-mnist_barroom_sax6meoj_final/checkpoints/de_nf_best_valid.pt","checkpoints-443rgkyn/PiecewiseRationalQuadraticCouplingTransform_fashion-mnist_barroom_sax6meoj_final/run_config.json","fashion-mnist","","","","","false","8","8","8","train","mnist","","","","","false","8","8","8","test","true","","ood.baselines.CompelxityBased","","","","ensemble","0.9","","","","","","","","","","","","","","","","","","","","","","","","","","","","","","","","","","2","","","128","","100"
"mnist_vs_omniglot_test_unclamping","cnsdqhji","pph375ni","22786","checkpoints-443rgkyn/PiecewiseRationalQuadraticCouplingTransform_mnist_agenizing_xhkxy2eu_final/checkpoints/de_nf_best_valid.pt","checkpoints-443rgkyn/PiecewiseRationalQuadraticCouplingTransform_mnist_agenizing_xhkxy2eu_final/run_config.json","mnist","","","","","false","8","8","8","train","omniglot","","","","","false","8","8","8","test","true","","ood.baselines.CompelxityBased","","","","ensemble","0.9","","","","","","","","","","","","","","","","","","","","","","","","","","","","","","","","","","2","","","128","","100"
"mnist_vs_fashion-mnist_test_bayong","u7ra70qv","pph375ni","22452","checkpoints-443rgkyn/PiecewiseRationalQuadraticCouplingTransform_mnist_agenizing_xhkxy2eu_final/checkpoints/de_nf_best_valid.pt","checkpoints-443rgkyn/PiecewiseRationalQuadraticCouplingTransform_mnist_agenizing_xhkxy2eu_final/run_config.json","mnist","","","","","false","8","8","8","train","fashion-mnist","","","","","false","8","8","8","test","true","","ood.baselines.CompelxityBased","","","","ensemble","0.9","","","","","","","","","","","","","","","","","","","","","","","","","","","","","","","","","","2","","","128","","100"
"mnist_vs_mnist_test_billers","i4h1x6ye","pph375ni","22270","checkpoints-443rgkyn/PiecewiseRationalQuadraticCouplingTransform_mnist_agenizing_xhkxy2eu_final/checkpoints/de_nf_best_valid.pt","checkpoints-443rgkyn/PiecewiseRationalQuadraticCouplingTransform_mnist_agenizing_xhkxy2eu_final/run_config.json","mnist","","","","","false","8","8","8","train","mnist","","","","","false","8","8","8","test","true","","ood.baselines.CompelxityBased","","","","ensemble","0.9","","","","","","","","","","","","","","","","","","","","","","","","","","","","","","","","","","2","","","128","","100"
"fashion-mnist_vs_omniglot_test_reprocess","k4y8ho31","pph375ni","22117","checkpoints-443rgkyn/PiecewiseRationalQuadraticCouplingTransform_fashion-mnist_barroom_sax6meoj_final/checkpoints/de_nf_best_valid.pt","checkpoints-443rgkyn/PiecewiseRationalQuadraticCouplingTransform_fashion-mnist_barroom_sax6meoj_final/run_config.json","fashion-mnist","","","","","false","8","8","8","train","omniglot","","","","","false","8","8","8","test","true","","ood.baselines.CompelxityBased","","","","ensemble","1","","","","","","","","","","","","","","","","","","","","","","","","","","","","","","","","","","2","","","128","","100"
"fashion-mnist_vs_fashion-mnist_test_slaveringly","ebz56q8d","pph375ni","21931","checkpoints-443rgkyn/PiecewiseRationalQuadraticCouplingTransform_fashion-mnist_barroom_sax6meoj_final/checkpoints/de_nf_best_valid.pt","checkpoints-443rgkyn/PiecewiseRationalQuadraticCouplingTransform_fashion-mnist_barroom_sax6meoj_final/run_config.json","fashion-mnist","","","","","false","8","8","8","train","fashion-mnist","","","","","false","8","8","8","test","true","","ood.baselines.CompelxityBased","","","","ensemble","1","","","","","","","","","","","","","","","","","","","","","","","","","","","","","","","","","","2","","","128","","100"
"fashion-mnist_vs_mnist_test_protesting","msaceoqa","pph375ni","21594","checkpoints-443rgkyn/PiecewiseRationalQuadraticCouplingTransform_fashion-mnist_barroom_sax6meoj_final/checkpoints/de_nf_best_valid.pt","checkpoints-443rgkyn/PiecewiseRationalQuadraticCouplingTransform_fashion-mnist_barroom_sax6meoj_final/run_config.json","fashion-mnist","","","","","false","8","8","8","train","mnist","","","","","false","8","8","8","test","true","","ood.baselines.CompelxityBased","","","","ensemble","1","","","","","","","","","","","","","","","","","","","","","","","","","","","","","","","","","","2","","","128","","100"
"mnist_vs_omniglot_test_blastophyllum","dbjg8g8j","pph375ni","21792","checkpoints-443rgkyn/PiecewiseRationalQuadraticCouplingTransform_mnist_agenizing_xhkxy2eu_final/checkpoints/de_nf_best_valid.pt","checkpoints-443rgkyn/PiecewiseRationalQuadraticCouplingTransform_mnist_agenizing_xhkxy2eu_final/run_config.json","mnist","","","","","false","8","8","8","train","omniglot","","","","","false","8","8","8","test","true","","ood.baselines.CompelxityBased","","","","ensemble","1","","","","","","","","","","","","","","","","","","","","","","","","","","","","","","","","","","2","","","128","","100"
"mnist_vs_fashion-mnist_test_draughtsboard","5fu05xxi","pph375ni","21451","checkpoints-443rgkyn/PiecewiseRationalQuadraticCouplingTransform_mnist_agenizing_xhkxy2eu_final/checkpoints/de_nf_best_valid.pt","checkpoints-443rgkyn/PiecewiseRationalQuadraticCouplingTransform_mnist_agenizing_xhkxy2eu_final/run_config.json","mnist","","","","","false","8","8","8","train","fashion-mnist","","","","","false","8","8","8","test","true","","ood.baselines.CompelxityBased","","","","ensemble","1","","","","","","","","","","","","","","","","","","","","","","","","","","","","","","","","","","2","","","128","","100"
"mnist_vs_mnist_test_fragmentariness","mhlcugx0","pph375ni","28373","checkpoints-443rgkyn/PiecewiseRationalQuadraticCouplingTransform_mnist_agenizing_xhkxy2eu_final/checkpoints/de_nf_best_valid.pt","checkpoints-443rgkyn/PiecewiseRationalQuadraticCouplingTransform_mnist_agenizing_xhkxy2eu_final/run_config.json","mnist","","","","","false","8","8","8","train","mnist","","","","","false","8","8","8","test","true","","ood.baselines.CompelxityBased","","","","ensemble","1","","","","","","","","","","","","","","","","","","","","","","","","","","","","","","","","","","2","","","128","","100"
"fashion-mnist_vs_omniglot_test_bronzine","opg9s1um","pph375ni","28333","checkpoints-443rgkyn/PiecewiseRationalQuadraticCouplingTransform_fashion-mnist_barroom_sax6meoj_final/checkpoints/de_nf_best_valid.pt","checkpoints-443rgkyn/PiecewiseRationalQuadraticCouplingTransform_fashion-mnist_barroom_sax6meoj_final/run_config.json","fashion-mnist","","","","","false","8","8","8","train","omniglot","","","","","false","8","8","8","test","true","","ood.baselines.CompelxityBased","","","","ensemble","1.2","","","","","","","","","","","","","","","","","","","","","","","","","","","","","","","","","","2","","","128","","100"
"fashion-mnist_vs_fashion-mnist_test_purler","2115uo76","pph375ni","28352","checkpoints-443rgkyn/PiecewiseRationalQuadraticCouplingTransform_fashion-mnist_barroom_sax6meoj_final/checkpoints/de_nf_best_valid.pt","checkpoints-443rgkyn/PiecewiseRationalQuadraticCouplingTransform_fashion-mnist_barroom_sax6meoj_final/run_config.json","fashion-mnist","","","","","false","8","8","8","train","fashion-mnist","","","","","false","8","8","8","test","true","","ood.baselines.CompelxityBased","","","","ensemble","1.2","","","","","","","","","","","","","","","","","","","","","","","","","","","","","","","","","","2","","","128","","100"
"fashion-mnist_vs_mnist_test_boottopping","wiefa526","pph375ni","401","checkpoints-443rgkyn/PiecewiseRationalQuadraticCouplingTransform_fashion-mnist_barroom_sax6meoj_final/checkpoints/de_nf_best_valid.pt","checkpoints-443rgkyn/PiecewiseRationalQuadraticCouplingTransform_fashion-mnist_barroom_sax6meoj_final/run_config.json","fashion-mnist","","","","","false","8","8","8","train","mnist","","","","","false","8","8","8","test","true","","ood.baselines.CompelxityBased","","","","ensemble","1.2","","","","","","","","","","","","","","","","","","","","","","","","","","","","","","","","","","2","","","128","","100"
"mnist_vs_omniglot_test_pedicles","3crapzhq","pph375ni","398","checkpoints-443rgkyn/PiecewiseRationalQuadraticCouplingTransform_mnist_agenizing_xhkxy2eu_final/checkpoints/de_nf_best_valid.pt","checkpoints-443rgkyn/PiecewiseRationalQuadraticCouplingTransform_mnist_agenizing_xhkxy2eu_final/run_config.json","mnist","","","","","false","8","8","8","train","omniglot","","","","","false","8","8","8","test","true","","ood.baselines.CompelxityBased","","","","ensemble","1.2","","","","","","","","","","","","","","","","","","","","","","","","","","","","","","","","","","2","","","128","","100"
"mnist_vs_fashion-mnist_test_foresters","z3zeh1sm","pph375ni","404","checkpoints-443rgkyn/PiecewiseRationalQuadraticCouplingTransform_mnist_agenizing_xhkxy2eu_final/checkpoints/de_nf_best_valid.pt","checkpoints-443rgkyn/PiecewiseRationalQuadraticCouplingTransform_mnist_agenizing_xhkxy2eu_final/run_config.json","mnist","","","","","false","8","8","8","train","fashion-mnist","","","","","false","8","8","8","test","true","","ood.baselines.CompelxityBased","","","","ensemble","1.2","","","","","","","","","","","","","","","","","","","","","","","","","","","","","","","","","","2","","","128","","100"
"mnist_vs_mnist_test_canted","oj9lzgxz","pph375ni","397","checkpoints-443rgkyn/PiecewiseRationalQuadraticCouplingTransform_mnist_agenizing_xhkxy2eu_final/checkpoints/de_nf_best_valid.pt","checkpoints-443rgkyn/PiecewiseRationalQuadraticCouplingTransform_mnist_agenizing_xhkxy2eu_final/run_config.json","mnist","","","","","false","8","8","8","train","mnist","","","","","false","8","8","8","test","true","","ood.baselines.CompelxityBased","","","","ensemble","1.2","","","","","","","","","","","","","","","","","","","","","","","","","","","","","","","","","","2","","","128","","100"
"fashion-mnist_vs_omniglot_test_nooned","460prjeh","pph375ni","399","checkpoints-443rgkyn/PiecewiseRationalQuadraticCouplingTransform_fashion-mnist_barroom_sax6meoj_final/checkpoints/de_nf_best_valid.pt","checkpoints-443rgkyn/PiecewiseRationalQuadraticCouplingTransform_fashion-mnist_barroom_sax6meoj_final/run_config.json","fashion-mnist","","","","","false","8","8","8","train","omniglot","","","","","false","8","8","8","test","true","","ood.baselines.CompelxityBased","","","","ensemble","1.4","","","","","","","","","","","","","","","","","","","","","","","","","","","","","","","","","","2","","","128","","100"
"fashion-mnist_vs_fashion-mnist_test_notchboard","hgoj6kdf","pph375ni","390","checkpoints-443rgkyn/PiecewiseRationalQuadraticCouplingTransform_fashion-mnist_barroom_sax6meoj_final/checkpoints/de_nf_best_valid.pt","checkpoints-443rgkyn/PiecewiseRationalQuadraticCouplingTransform_fashion-mnist_barroom_sax6meoj_final/run_config.json","fashion-mnist","","","","","false","8","8","8","train","fashion-mnist","","","","","false","8","8","8","test","true","","ood.baselines.CompelxityBased","","","","ensemble","1.4","","","","","","","","","","","","","","","","","","","","","","","","","","","","","","","","","","2","","","128","","100"
"fashion-mnist_vs_mnist_test_nonfeeble","4ymlho6l","pph375ni","391","checkpoints-443rgkyn/PiecewiseRationalQuadraticCouplingTransform_fashion-mnist_barroom_sax6meoj_final/checkpoints/de_nf_best_valid.pt","checkpoints-443rgkyn/PiecewiseRationalQuadraticCouplingTransform_fashion-mnist_barroom_sax6meoj_final/run_config.json","fashion-mnist","","","","","false","8","8","8","train","mnist","","","","","false","8","8","8","test","true","","ood.baselines.CompelxityBased","","","","ensemble","1.4","","","","","","","","","","","","","","","","","","","","","","","","","","","","","","","","","","2","","","128","","100"
"mnist_vs_omniglot_test_hutches","wc4ly93c","pph375ni","389","checkpoints-443rgkyn/PiecewiseRationalQuadraticCouplingTransform_mnist_agenizing_xhkxy2eu_final/checkpoints/de_nf_best_valid.pt","checkpoints-443rgkyn/PiecewiseRationalQuadraticCouplingTransform_mnist_agenizing_xhkxy2eu_final/run_config.json","mnist","","","","","false","8","8","8","train","omniglot","","","","","false","8","8","8","test","true","","ood.baselines.CompelxityBased","","","","ensemble","1.4","","","","","","","","","","","","","","","","","","","","","","","","","","","","","","","","","","2","","","128","","100"
"mnist_vs_fashion-mnist_test_bushelmen","b5d8im1o","pph375ni","400","checkpoints-443rgkyn/PiecewiseRationalQuadraticCouplingTransform_mnist_agenizing_xhkxy2eu_final/checkpoints/de_nf_best_valid.pt","checkpoints-443rgkyn/PiecewiseRationalQuadraticCouplingTransform_mnist_agenizing_xhkxy2eu_final/run_config.json","mnist","","","","","false","8","8","8","train","fashion-mnist","","","","","false","8","8","8","test","true","","ood.baselines.CompelxityBased","","","","ensemble","1.4","","","","","","","","","","","","","","","","","","","","","","","","","","","","","","","","","","2","","","128","","100"
"mnist_vs_mnist_test_noninvincible","rv9rt3rk","pph375ni","382","checkpoints-443rgkyn/PiecewiseRationalQuadraticCouplingTransform_mnist_agenizing_xhkxy2eu_final/checkpoints/de_nf_best_valid.pt","checkpoints-443rgkyn/PiecewiseRationalQuadraticCouplingTransform_mnist_agenizing_xhkxy2eu_final/run_config.json","mnist","","","","","false","8","8","8","train","mnist","","","","","false","8","8","8","test","true","","ood.baselines.CompelxityBased","","","","ensemble","1.4","","","","","","","","","","","","","","","","","","","","","","","","","","","","","","","","","","2","","","128","","100"
"fashion-mnist_vs_omniglot_test_postwar","h7zgz7pu","pph375ni","394","checkpoints-443rgkyn/PiecewiseRationalQuadraticCouplingTransform_fashion-mnist_barroom_sax6meoj_final/checkpoints/de_nf_best_valid.pt","checkpoints-443rgkyn/PiecewiseRationalQuadraticCouplingTransform_fashion-mnist_barroom_sax6meoj_final/run_config.json","fashion-mnist","","","","","false","8","8","8","train","omniglot","","","","","false","8","8","8","test","true","","ood.baselines.CompelxityBased","","","","ensemble","1.6","","","","","","","","","","","","","","","","","","","","","","","","","","","","","","","","","","2","","","128","","100"
"fashion-mnist_vs_fashion-mnist_test_insipidness","q4zi8hil","pph375ni","385","checkpoints-443rgkyn/PiecewiseRationalQuadraticCouplingTransform_fashion-mnist_barroom_sax6meoj_final/checkpoints/de_nf_best_valid.pt","checkpoints-443rgkyn/PiecewiseRationalQuadraticCouplingTransform_fashion-mnist_barroom_sax6meoj_final/run_config.json","fashion-mnist","","","","","false","8","8","8","train","fashion-mnist","","","","","false","8","8","8","test","true","","ood.baselines.CompelxityBased","","","","ensemble","1.6","","","","","","","","","","","","","","","","","","","","","","","","","","","","","","","","","","2","","","128","","100"
"fashion-mnist_vs_mnist_test_securitan","8henu9zl","pph375ni","390","checkpoints-443rgkyn/PiecewiseRationalQuadraticCouplingTransform_fashion-mnist_barroom_sax6meoj_final/checkpoints/de_nf_best_valid.pt","checkpoints-443rgkyn/PiecewiseRationalQuadraticCouplingTransform_fashion-mnist_barroom_sax6meoj_final/run_config.json","fashion-mnist","","","","","false","8","8","8","train","mnist","","","","","false","8","8","8","test","true","","ood.baselines.CompelxityBased","","","","ensemble","1.6","","","","","","","","","","","","","","","","","","","","","","","","","","","","","","","","","","2","","","128","","100"
"mnist_vs_omniglot_test_ooh","0kesamel","pph375ni","395","checkpoints-443rgkyn/PiecewiseRationalQuadraticCouplingTransform_mnist_agenizing_xhkxy2eu_final/checkpoints/de_nf_best_valid.pt","checkpoints-443rgkyn/PiecewiseRationalQuadraticCouplingTransform_mnist_agenizing_xhkxy2eu_final/run_config.json","mnist","","","","","false","8","8","8","train","omniglot","","","","","false","8","8","8","test","true","","ood.baselines.CompelxityBased","","","","ensemble","1.6","","","","","","","","","","","","","","","","","","","","","","","","","","","","","","","","","","2","","","128","","100"
"mnist_vs_fashion-mnist_test_sithement","mewv697o","pph375ni","388","checkpoints-443rgkyn/PiecewiseRationalQuadraticCouplingTransform_mnist_agenizing_xhkxy2eu_final/checkpoints/de_nf_best_valid.pt","checkpoints-443rgkyn/PiecewiseRationalQuadraticCouplingTransform_mnist_agenizing_xhkxy2eu_final/run_config.json","mnist","","","","","false","8","8","8","train","fashion-mnist","","","","","false","8","8","8","test","true","","ood.baselines.CompelxityBased","","","","ensemble","1.6","","","","","","","","","","","","","","","","","","","","","","","","","","","","","","","","","","2","","","128","","100"
"mnist_vs_mnist_test_saron","f72fvz01","pph375ni","384","checkpoints-443rgkyn/PiecewiseRationalQuadraticCouplingTransform_mnist_agenizing_xhkxy2eu_final/checkpoints/de_nf_best_valid.pt","checkpoints-443rgkyn/PiecewiseRationalQuadraticCouplingTransform_mnist_agenizing_xhkxy2eu_final/run_config.json","mnist","","","","","false","8","8","8","train","mnist","","","","","false","8","8","8","test","true","","ood.baselines.CompelxityBased","","","","ensemble","1.6","","","","","","","","","","","","","","","","","","","","","","","","","","","","","","","","","","2","","","128","","100"
"fashion-mnist_vs_omniglot_test_styful","mwfaed7e","pph375ni","391","checkpoints-443rgkyn/PiecewiseRationalQuadraticCouplingTransform_fashion-mnist_barroom_sax6meoj_final/checkpoints/de_nf_best_valid.pt","checkpoints-443rgkyn/PiecewiseRationalQuadraticCouplingTransform_fashion-mnist_barroom_sax6meoj_final/run_config.json","fashion-mnist","","","","","false","8","8","8","train","omniglot","","","","","false","8","8","8","test","true","","ood.baselines.CompelxityBased","","","","ensemble","1.8","","","","","","","","","","","","","","","","","","","","","","","","","","","","","","","","","","2","","","128","","100"
"fashion-mnist_vs_fashion-mnist_test_exclamative","p702vf24","pph375ni","381","checkpoints-443rgkyn/PiecewiseRationalQuadraticCouplingTransform_fashion-mnist_barroom_sax6meoj_final/checkpoints/de_nf_best_valid.pt","checkpoints-443rgkyn/PiecewiseRationalQuadraticCouplingTransform_fashion-mnist_barroom_sax6meoj_final/run_config.json","fashion-mnist","","","","","false","8","8","8","train","fashion-mnist","","","","","false","8","8","8","test","true","","ood.baselines.CompelxityBased","","","","ensemble","1.8","","","","","","","","","","","","","","","","","","","","","","","","","","","","","","","","","","2","","","128","","100"
"fashion-mnist_vs_mnist_test_futtocks","fguvmc4v","pph375ni","398","checkpoints-443rgkyn/PiecewiseRationalQuadraticCouplingTransform_fashion-mnist_barroom_sax6meoj_final/checkpoints/de_nf_best_valid.pt","checkpoints-443rgkyn/PiecewiseRationalQuadraticCouplingTransform_fashion-mnist_barroom_sax6meoj_final/run_config.json","fashion-mnist","","","","","false","8","8","8","train","mnist","","","","","false","8","8","8","test","true","","ood.baselines.CompelxityBased","","","","ensemble","1.8","","","","","","","","","","","","","","","","","","","","","","","","","","","","","","","","","","2","","","128","","100"
"mnist_vs_omniglot_test_elamitic","gkcp50zt","pph375ni","378","checkpoints-443rgkyn/PiecewiseRationalQuadraticCouplingTransform_mnist_agenizing_xhkxy2eu_final/checkpoints/de_nf_best_valid.pt","checkpoints-443rgkyn/PiecewiseRationalQuadraticCouplingTransform_mnist_agenizing_xhkxy2eu_final/run_config.json","mnist","","","","","false","8","8","8","train","omniglot","","","","","false","8","8","8","test","true","","ood.baselines.CompelxityBased","","","","ensemble","1.8","","","","","","","","","","","","","","","","","","","","","","","","","","","","","","","","","","2","","","128","","100"
"mnist_vs_fashion-mnist_test_onondagan","it9wp831","pph375ni","384","checkpoints-443rgkyn/PiecewiseRationalQuadraticCouplingTransform_mnist_agenizing_xhkxy2eu_final/checkpoints/de_nf_best_valid.pt","checkpoints-443rgkyn/PiecewiseRationalQuadraticCouplingTransform_mnist_agenizing_xhkxy2eu_final/run_config.json","mnist","","","","","false","8","8","8","train","fashion-mnist","","","","","false","8","8","8","test","true","","ood.baselines.CompelxityBased","","","","ensemble","1.8","","","","","","","","","","","","","","","","","","","","","","","","","","","","","","","","","","2","","","128","","100"
"mnist_vs_mnist_test_revengeable","wavd9vyy","pph375ni","375","checkpoints-443rgkyn/PiecewiseRationalQuadraticCouplingTransform_mnist_agenizing_xhkxy2eu_final/checkpoints/de_nf_best_valid.pt","checkpoints-443rgkyn/PiecewiseRationalQuadraticCouplingTransform_mnist_agenizing_xhkxy2eu_final/run_config.json","mnist","","","","","false","8","8","8","train","mnist","","","","","false","8","8","8","test","true","","ood.baselines.CompelxityBased","","","","ensemble","1.8","","","","","","","","","","","","","","","","","","","","","","","","","","","","","","","","","","2","","","128","","100"
"fashion-mnist_vs_omniglot_test_rewithdraw","kko40ffv","pph375ni","386","checkpoints-443rgkyn/PiecewiseRationalQuadraticCouplingTransform_fashion-mnist_barroom_sax6meoj_final/checkpoints/de_nf_best_valid.pt","checkpoints-443rgkyn/PiecewiseRationalQuadraticCouplingTransform_fashion-mnist_barroom_sax6meoj_final/run_config.json","fashion-mnist","","","","","false","8","8","8","train","omniglot","","","","","false","8","8","8","test","true","","ood.baselines.CompelxityBased","","","","ensemble","2","","","","","","","","","","","","","","","","","","","","","","","","","","","","","","","","","","2","","","128","","100"
"fashion-mnist_vs_fashion-mnist_test_amidation","oi0f6xib","pph375ni","372","checkpoints-443rgkyn/PiecewiseRationalQuadraticCouplingTransform_fashion-mnist_barroom_sax6meoj_final/checkpoints/de_nf_best_valid.pt","checkpoints-443rgkyn/PiecewiseRationalQuadraticCouplingTransform_fashion-mnist_barroom_sax6meoj_final/run_config.json","fashion-mnist","","","","","false","8","8","8","train","fashion-mnist","","","","","false","8","8","8","test","true","","ood.baselines.CompelxityBased","","","","ensemble","2","","","","","","","","","","","","","","","","","","","","","","","","","","","","","","","","","","2","","","128","","100"
"fashion-mnist_vs_mnist_test_maleberry","ql0tledj","pph375ni","374","checkpoints-443rgkyn/PiecewiseRationalQuadraticCouplingTransform_fashion-mnist_barroom_sax6meoj_final/checkpoints/de_nf_best_valid.pt","checkpoints-443rgkyn/PiecewiseRationalQuadraticCouplingTransform_fashion-mnist_barroom_sax6meoj_final/run_config.json","fashion-mnist","","","","","false","8","8","8","train","mnist","","","","","false","8","8","8","test","true","","ood.baselines.CompelxityBased","","","","ensemble","2","","","","","","","","","","","","","","","","","","","","","","","","","","","","","","","","","","2","","","128","","100"
"mnist_vs_omniglot_test_choriambic","7boymsgg","pph375ni","377","checkpoints-443rgkyn/PiecewiseRationalQuadraticCouplingTransform_mnist_agenizing_xhkxy2eu_final/checkpoints/de_nf_best_valid.pt","checkpoints-443rgkyn/PiecewiseRationalQuadraticCouplingTransform_mnist_agenizing_xhkxy2eu_final/run_config.json","mnist","","","","","false","8","8","8","train","omniglot","","","","","false","8","8","8","test","true","","ood.baselines.CompelxityBased","","","","ensemble","2","","","","","","","","","","","","","","","","","","","","","","","","","","","","","","","","","","2","","","128","","100"
"mnist_vs_fashion-mnist_test_renaturation","lw0fjoa6","pph375ni","388","checkpoints-443rgkyn/PiecewiseRationalQuadraticCouplingTransform_mnist_agenizing_xhkxy2eu_final/checkpoints/de_nf_best_valid.pt","checkpoints-443rgkyn/PiecewiseRationalQuadraticCouplingTransform_mnist_agenizing_xhkxy2eu_final/run_config.json","mnist","","","","","false","8","8","8","train","fashion-mnist","","","","","false","8","8","8","test","true","","ood.baselines.CompelxityBased","","","","ensemble","2","","","","","","","","","","","","","","","","","","","","","","","","","","","","","","","","","","2","","","128","","100"
"mnist_vs_mnist_test_lanternfishes","9cjjvmpy","pph375ni","376","checkpoints-443rgkyn/PiecewiseRationalQuadraticCouplingTransform_mnist_agenizing_xhkxy2eu_final/checkpoints/de_nf_best_valid.pt","checkpoints-443rgkyn/PiecewiseRationalQuadraticCouplingTransform_mnist_agenizing_xhkxy2eu_final/run_config.json","mnist","","","","","false","8","8","8","train","mnist","","","","","false","8","8","8","test","true","","ood.baselines.CompelxityBased","","","","ensemble","2","","","","","","","","","","","","","","","","","","","","","","","","","","","","","","","","","","2","","","128","","100"
"fashion-mnist_vs_omniglot_test_fug","iggvrrmm","pph375ni","382","checkpoints-443rgkyn/PiecewiseRationalQuadraticCouplingTransform_fashion-mnist_barroom_sax6meoj_final/checkpoints/de_nf_best_valid.pt","checkpoints-443rgkyn/PiecewiseRationalQuadraticCouplingTransform_fashion-mnist_barroom_sax6meoj_final/run_config.json","fashion-mnist","","","","","false","8","8","8","train","omniglot","","","","","false","8","8","8","test","true","","ood.baselines.CompelxityBased","","","","ensemble","2.2","","","","","","","","","","","","","","","","","","","","","","","","","","","","","","","","","","2","","","128","","100"
"fashion-mnist_vs_fashion-mnist_test_colliquate","ehx7emg0","pph375ni","379","checkpoints-443rgkyn/PiecewiseRationalQuadraticCouplingTransform_fashion-mnist_barroom_sax6meoj_final/checkpoints/de_nf_best_valid.pt","checkpoints-443rgkyn/PiecewiseRationalQuadraticCouplingTransform_fashion-mnist_barroom_sax6meoj_final/run_config.json","fashion-mnist","","","","","false","8","8","8","train","fashion-mnist","","","","","false","8","8","8","test","true","","ood.baselines.CompelxityBased","","","","ensemble","2.2","","","","","","","","","","","","","","","","","","","","","","","","","","","","","","","","","","2","","","128","","100"
"fashion-mnist_vs_mnist_test_nonhydrophobic","8rxs7nv6","pph375ni","377","checkpoints-443rgkyn/PiecewiseRationalQuadraticCouplingTransform_fashion-mnist_barroom_sax6meoj_final/checkpoints/de_nf_best_valid.pt","checkpoints-443rgkyn/PiecewiseRationalQuadraticCouplingTransform_fashion-mnist_barroom_sax6meoj_final/run_config.json","fashion-mnist","","","","","false","8","8","8","train","mnist","","","","","false","8","8","8","test","true","","ood.baselines.CompelxityBased","","","","ensemble","2.2","","","","","","","","","","","","","","","","","","","","","","","","","","","","","","","","","","2","","","128","","100"
"mnist_vs_omniglot_test_physonectae","2za088se","pph375ni","365","checkpoints-443rgkyn/PiecewiseRationalQuadraticCouplingTransform_mnist_agenizing_xhkxy2eu_final/checkpoints/de_nf_best_valid.pt","checkpoints-443rgkyn/PiecewiseRationalQuadraticCouplingTransform_mnist_agenizing_xhkxy2eu_final/run_config.json","mnist","","","","","false","8","8","8","train","omniglot","","","","","false","8","8","8","test","true","","ood.baselines.CompelxityBased","","","","ensemble","2.2","","","","","","","","","","","","","","","","","","","","","","","","","","","","","","","","","","2","","","128","","100"
"mnist_vs_fashion-mnist_test_tylostylote","gng8mt5b","pph375ni","370","checkpoints-443rgkyn/PiecewiseRationalQuadraticCouplingTransform_mnist_agenizing_xhkxy2eu_final/checkpoints/de_nf_best_valid.pt","checkpoints-443rgkyn/PiecewiseRationalQuadraticCouplingTransform_mnist_agenizing_xhkxy2eu_final/run_config.json","mnist","","","","","false","8","8","8","train","fashion-mnist","","","","","false","8","8","8","test","true","","ood.baselines.CompelxityBased","","","","ensemble","2.2","","","","","","","","","","","","","","","","","","","","","","","","","","","","","","","","","","2","","","128","","100"
"mnist_vs_mnist_test_incredulous","ztgv7eok","pph375ni","361","checkpoints-443rgkyn/PiecewiseRationalQuadraticCouplingTransform_mnist_agenizing_xhkxy2eu_final/checkpoints/de_nf_best_valid.pt","checkpoints-443rgkyn/PiecewiseRationalQuadraticCouplingTransform_mnist_agenizing_xhkxy2eu_final/run_config.json","mnist","","","","","false","8","8","8","train","mnist","","","","","false","8","8","8","test","true","","ood.baselines.CompelxityBased","","","","ensemble","2.2","","","","","","","","","","","","","","","","","","","","","","","","","","","","","","","","","","2","","","128","","100"
"fashion-mnist_vs_omniglot_test_complice","n1xzlbd7","pph375ni","371","checkpoints-443rgkyn/PiecewiseRationalQuadraticCouplingTransform_fashion-mnist_barroom_sax6meoj_final/checkpoints/de_nf_best_valid.pt","checkpoints-443rgkyn/PiecewiseRationalQuadraticCouplingTransform_fashion-mnist_barroom_sax6meoj_final/run_config.json","fashion-mnist","","","","","false","8","8","8","train","omniglot","","","","","false","8","8","8","test","true","","ood.baselines.CompelxityBased","","","","ensemble","2.4","","","","","","","","","","","","","","","","","","","","","","","","","","","","","","","","","","2","","","128","","100"
"fashion-mnist_vs_fashion-mnist_test_algedonic","5wuxpcj6","pph375ni","369","checkpoints-443rgkyn/PiecewiseRationalQuadraticCouplingTransform_fashion-mnist_barroom_sax6meoj_final/checkpoints/de_nf_best_valid.pt","checkpoints-443rgkyn/PiecewiseRationalQuadraticCouplingTransform_fashion-mnist_barroom_sax6meoj_final/run_config.json","fashion-mnist","","","","","false","8","8","8","train","fashion-mnist","","","","","false","8","8","8","test","true","","ood.baselines.CompelxityBased","","","","ensemble","2.4","","","","","","","","","","","","","","","","","","","","","","","","","","","","","","","","","","2","","","128","","100"
"fashion-mnist_vs_mnist_test_laryngorrhagia","th07g4l9","pph375ni","373","checkpoints-443rgkyn/PiecewiseRationalQuadraticCouplingTransform_fashion-mnist_barroom_sax6meoj_final/checkpoints/de_nf_best_valid.pt","checkpoints-443rgkyn/PiecewiseRationalQuadraticCouplingTransform_fashion-mnist_barroom_sax6meoj_final/run_config.json","fashion-mnist","","","","","false","8","8","8","train","mnist","","","","","false","8","8","8","test","true","","ood.baselines.CompelxityBased","","","","ensemble","2.4","","","","","","","","","","","","","","","","","","","","","","","","","","","","","","","","","","2","","","128","","100"
"mnist_vs_omniglot_test_wardman","jmkkxhbe","pph375ni","372","checkpoints-443rgkyn/PiecewiseRationalQuadraticCouplingTransform_mnist_agenizing_xhkxy2eu_final/checkpoints/de_nf_best_valid.pt","checkpoints-443rgkyn/PiecewiseRationalQuadraticCouplingTransform_mnist_agenizing_xhkxy2eu_final/run_config.json","mnist","","","","","false","8","8","8","train","omniglot","","","","","false","8","8","8","test","true","","ood.baselines.CompelxityBased","","","","ensemble","2.4","","","","","","","","","","","","","","","","","","","","","","","","","","","","","","","","","","2","","","128","","100"
"mnist_vs_fashion-mnist_test_chores","cfdsxyot","pph375ni","371","checkpoints-443rgkyn/PiecewiseRationalQuadraticCouplingTransform_mnist_agenizing_xhkxy2eu_final/checkpoints/de_nf_best_valid.pt","checkpoints-443rgkyn/PiecewiseRationalQuadraticCouplingTransform_mnist_agenizing_xhkxy2eu_final/run_config.json","mnist","","","","","false","8","8","8","train","fashion-mnist","","","","","false","8","8","8","test","true","","ood.baselines.CompelxityBased","","","","ensemble","2.4","","","","","","","","","","","","","","","","","","","","","","","","","","","","","","","","","","2","","","128","","100"
"mnist_vs_mnist_test_emigr","hcvn8jtd","pph375ni","366","checkpoints-443rgkyn/PiecewiseRationalQuadraticCouplingTransform_mnist_agenizing_xhkxy2eu_final/checkpoints/de_nf_best_valid.pt","checkpoints-443rgkyn/PiecewiseRationalQuadraticCouplingTransform_mnist_agenizing_xhkxy2eu_final/run_config.json","mnist","","","","","false","8","8","8","train","mnist","","","","","false","8","8","8","test","true","","ood.baselines.CompelxityBased","","","","ensemble","2.4","","","","","","","","","","","","","","","","","","","","","","","","","","","","","","","","","","2","","","128","","100"
"fashion-mnist_vs_omniglot_test_homeomorphisms","hjrgvp6k","pph375ni","376","checkpoints-443rgkyn/PiecewiseRationalQuadraticCouplingTransform_fashion-mnist_barroom_sax6meoj_final/checkpoints/de_nf_best_valid.pt","checkpoints-443rgkyn/PiecewiseRationalQuadraticCouplingTransform_fashion-mnist_barroom_sax6meoj_final/run_config.json","fashion-mnist","","","","","false","8","8","8","train","omniglot","","","","","false","8","8","8","test","true","","ood.baselines.CompelxityBased","","","","ensemble","2.6","","","","","","","","","","","","","","","","","","","","","","","","","","","","","","","","","","2","","","128","","100"
"fashion-mnist_vs_fashion-mnist_test_droughts","7ydq106b","pph375ni","362","checkpoints-443rgkyn/PiecewiseRationalQuadraticCouplingTransform_fashion-mnist_barroom_sax6meoj_final/checkpoints/de_nf_best_valid.pt","checkpoints-443rgkyn/PiecewiseRationalQuadraticCouplingTransform_fashion-mnist_barroom_sax6meoj_final/run_config.json","fashion-mnist","","","","","false","8","8","8","train","fashion-mnist","","","","","false","8","8","8","test","true","","ood.baselines.CompelxityBased","","","","ensemble","2.6","","","","","","","","","","","","","","","","","","","","","","","","","","","","","","","","","","2","","","128","","100"
"fashion-mnist_vs_mnist_test_ostsises","msu6u9a0","pph375ni","368","checkpoints-443rgkyn/PiecewiseRationalQuadraticCouplingTransform_fashion-mnist_barroom_sax6meoj_final/checkpoints/de_nf_best_valid.pt","checkpoints-443rgkyn/PiecewiseRationalQuadraticCouplingTransform_fashion-mnist_barroom_sax6meoj_final/run_config.json","fashion-mnist","","","","","false","8","8","8","train","mnist","","","","","false","8","8","8","test","true","","ood.baselines.CompelxityBased","","","","ensemble","2.6","","","","","","","","","","","","","","","","","","","","","","","","","","","","","","","","","","2","","","128","","100"
"mnist_vs_omniglot_test_purply","txki84g2","pph375ni","362","checkpoints-443rgkyn/PiecewiseRationalQuadraticCouplingTransform_mnist_agenizing_xhkxy2eu_final/checkpoints/de_nf_best_valid.pt","checkpoints-443rgkyn/PiecewiseRationalQuadraticCouplingTransform_mnist_agenizing_xhkxy2eu_final/run_config.json","mnist","","","","","false","8","8","8","train","omniglot","","","","","false","8","8","8","test","true","","ood.baselines.CompelxityBased","","","","ensemble","2.6","","","","","","","","","","","","","","","","","","","","","","","","","","","","","","","","","","2","","","128","","100"
"mnist_vs_fashion-mnist_test_unprofitability","5nk3padq","pph375ni","373","checkpoints-443rgkyn/PiecewiseRationalQuadraticCouplingTransform_mnist_agenizing_xhkxy2eu_final/checkpoints/de_nf_best_valid.pt","checkpoints-443rgkyn/PiecewiseRationalQuadraticCouplingTransform_mnist_agenizing_xhkxy2eu_final/run_config.json","mnist","","","","","false","8","8","8","train","fashion-mnist","","","","","false","8","8","8","test","true","","ood.baselines.CompelxityBased","","","","ensemble","2.6","","","","","","","","","","","","","","","","","","","","","","","","","","","","","","","","","","2","","","128","","100"
"mnist_vs_mnist_test_detribalized","h6kykxq6","pph375ni","359","checkpoints-443rgkyn/PiecewiseRationalQuadraticCouplingTransform_mnist_agenizing_xhkxy2eu_final/checkpoints/de_nf_best_valid.pt","checkpoints-443rgkyn/PiecewiseRationalQuadraticCouplingTransform_mnist_agenizing_xhkxy2eu_final/run_config.json","mnist","","","","","false","8","8","8","train","mnist","","","","","false","8","8","8","test","true","","ood.baselines.CompelxityBased","","","","ensemble","2.6","","","","","","","","","","","","","","","","","","","","","","","","","","","","","","","","","","2","","","128","","100"
"fashion-mnist_vs_omniglot_test_monascidian","yju8a9sy","pph375ni","367","checkpoints-443rgkyn/PiecewiseRationalQuadraticCouplingTransform_fashion-mnist_barroom_sax6meoj_final/checkpoints/de_nf_best_valid.pt","checkpoints-443rgkyn/PiecewiseRationalQuadraticCouplingTransform_fashion-mnist_barroom_sax6meoj_final/run_config.json","fashion-mnist","","","","","false","8","8","8","train","omniglot","","","","","false","8","8","8","test","true","","ood.baselines.CompelxityBased","","","","ensemble","2.8","","","","","","","","","","","","","","","","","","","","","","","","","","","","","","","","","","2","","","128","","100"
"fashion-mnist_vs_fashion-mnist_test_catacorolla","98mz3vvn","pph375ni","361","checkpoints-443rgkyn/PiecewiseRationalQuadraticCouplingTransform_fashion-mnist_barroom_sax6meoj_final/checkpoints/de_nf_best_valid.pt","checkpoints-443rgkyn/PiecewiseRationalQuadraticCouplingTransform_fashion-mnist_barroom_sax6meoj_final/run_config.json","fashion-mnist","","","","","false","8","8","8","train","fashion-mnist","","","","","false","8","8","8","test","true","","ood.baselines.CompelxityBased","","","","ensemble","2.8","","","","","","","","","","","","","","","","","","","","","","","","","","","","","","","","","","2","","","128","","100"
"fashion-mnist_vs_mnist_test_obsessing","o9f9gnr1","pph375ni","359","checkpoints-443rgkyn/PiecewiseRationalQuadraticCouplingTransform_fashion-mnist_barroom_sax6meoj_final/checkpoints/de_nf_best_valid.pt","checkpoints-443rgkyn/PiecewiseRationalQuadraticCouplingTransform_fashion-mnist_barroom_sax6meoj_final/run_config.json","fashion-mnist","","","","","false","8","8","8","train","mnist","","","","","false","8","8","8","test","true","","ood.baselines.CompelxityBased","","","","ensemble","2.8","","","","","","","","","","","","","","","","","","","","","","","","","","","","","","","","","","2","","","128","","100"
"mnist_vs_omniglot_test_dumbwaiter","dxoud6xc","pph375ni","353","checkpoints-443rgkyn/PiecewiseRationalQuadraticCouplingTransform_mnist_agenizing_xhkxy2eu_final/checkpoints/de_nf_best_valid.pt","checkpoints-443rgkyn/PiecewiseRationalQuadraticCouplingTransform_mnist_agenizing_xhkxy2eu_final/run_config.json","mnist","","","","","false","8","8","8","train","omniglot","","","","","false","8","8","8","test","true","","ood.baselines.CompelxityBased","","","","ensemble","2.8","","","","","","","","","","","","","","","","","","","","","","","","","","","","","","","","","","2","","","128","","100"
"mnist_vs_fashion-mnist_test_nondissipative","5e5k3puc","pph375ni","358","checkpoints-443rgkyn/PiecewiseRationalQuadraticCouplingTransform_mnist_agenizing_xhkxy2eu_final/checkpoints/de_nf_best_valid.pt","checkpoints-443rgkyn/PiecewiseRationalQuadraticCouplingTransform_mnist_agenizing_xhkxy2eu_final/run_config.json","mnist","","","","","false","8","8","8","train","fashion-mnist","","","","","false","8","8","8","test","true","","ood.baselines.CompelxityBased","","","","ensemble","2.8","","","","","","","","","","","","","","","","","","","","","","","","","","","","","","","","","","2","","","128","","100"
"mnist_vs_mnist_test_kazatskies","uonjybsy","pph375ni","354","checkpoints-443rgkyn/PiecewiseRationalQuadraticCouplingTransform_mnist_agenizing_xhkxy2eu_final/checkpoints/de_nf_best_valid.pt","checkpoints-443rgkyn/PiecewiseRationalQuadraticCouplingTransform_mnist_agenizing_xhkxy2eu_final/run_config.json","mnist","","","","","false","8","8","8","train","mnist","","","","","false","8","8","8","test","true","","ood.baselines.CompelxityBased","","","","ensemble","2.8","","","","","","","","","","","","","","","","","","","","","","","","","","","","","","","","","","2","","","128","","100"
"fashion-mnist_vs_omniglot_test_suicidally","oqkcy3v3","pph375ni","361","checkpoints-443rgkyn/PiecewiseRationalQuadraticCouplingTransform_fashion-mnist_barroom_sax6meoj_final/checkpoints/de_nf_best_valid.pt","checkpoints-443rgkyn/PiecewiseRationalQuadraticCouplingTransform_fashion-mnist_barroom_sax6meoj_final/run_config.json","fashion-mnist","","","","","false","8","8","8","train","omniglot","","","","","false","8","8","8","test","true","","ood.baselines.CompelxityBased","","","","ensemble","3","","","","","","","","","","","","","","","","","","","","","","","","","","","","","","","","","","2","","","128","","100"
"fashion-mnist_vs_fashion-mnist_test_interresponsible","u9npnnw2","pph375ni","350","checkpoints-443rgkyn/PiecewiseRationalQuadraticCouplingTransform_fashion-mnist_barroom_sax6meoj_final/checkpoints/de_nf_best_valid.pt","checkpoints-443rgkyn/PiecewiseRationalQuadraticCouplingTransform_fashion-mnist_barroom_sax6meoj_final/run_config.json","fashion-mnist","","","","","false","8","8","8","train","fashion-mnist","","","","","false","8","8","8","test","true","","ood.baselines.CompelxityBased","","","","ensemble","3","","","","","","","","","","","","","","","","","","","","","","","","","","","","","","","","","","2","","","128","","100"
"fashion-mnist_vs_mnist_test_antimetabole","dzt860yq","pph375ni","363","checkpoints-443rgkyn/PiecewiseRationalQuadraticCouplingTransform_fashion-mnist_barroom_sax6meoj_final/checkpoints/de_nf_best_valid.pt","checkpoints-443rgkyn/PiecewiseRationalQuadraticCouplingTransform_fashion-mnist_barroom_sax6meoj_final/run_config.json","fashion-mnist","","","","","false","8","8","8","train","mnist","","","","","false","8","8","8","test","true","","ood.baselines.CompelxityBased","","","","ensemble","3","","","","","","","","","","","","","","","","","","","","","","","","","","","","","","","","","","2","","","128","","100"
"mnist_vs_omniglot_test_encouragingly","tyodlsfd","pph375ni","364","checkpoints-443rgkyn/PiecewiseRationalQuadraticCouplingTransform_mnist_agenizing_xhkxy2eu_final/checkpoints/de_nf_best_valid.pt","checkpoints-443rgkyn/PiecewiseRationalQuadraticCouplingTransform_mnist_agenizing_xhkxy2eu_final/run_config.json","mnist","","","","","false","8","8","8","train","omniglot","","","","","false","8","8","8","test","true","","ood.baselines.CompelxityBased","","","","ensemble","3","","","","","","","","","","","","","","","","","","","","","","","","","","","","","","","","","","2","","","128","","100"
"mnist_vs_fashion-mnist_test_discursiveness","lt3bqkv9","pph375ni","342","checkpoints-443rgkyn/PiecewiseRationalQuadraticCouplingTransform_mnist_agenizing_xhkxy2eu_final/checkpoints/de_nf_best_valid.pt","checkpoints-443rgkyn/PiecewiseRationalQuadraticCouplingTransform_mnist_agenizing_xhkxy2eu_final/run_config.json","mnist","","","","","false","8","8","8","train","fashion-mnist","","","","","false","8","8","8","test","true","","ood.baselines.CompelxityBased","","","","ensemble","3","","","","","","","","","","","","","","","","","","","","","","","","","","","","","","","","","","2","","","128","","100"
"mnist_vs_mnist_test_nondelusive","f04dy49v","pph375ni","360","checkpoints-443rgkyn/PiecewiseRationalQuadraticCouplingTransform_mnist_agenizing_xhkxy2eu_final/checkpoints/de_nf_best_valid.pt","checkpoints-443rgkyn/PiecewiseRationalQuadraticCouplingTransform_mnist_agenizing_xhkxy2eu_final/run_config.json","mnist","","","","","false","8","8","8","train","mnist","","","","","false","8","8","8","test","true","","ood.baselines.CompelxityBased","","","","ensemble","3","","","","","","","","","","","","","","","","","","","","","","","","","","","","","","","","","","2","","","128","","100"